{
  "-log_likelihood": 816.5835617421108,
  "params": [
    2.1557163951362585e-05,
    1.0,
    0.5527659152954479,
    2.0
  ]
}