{
  "-log_likelihood": 2073.514695751343,
  "params": [
    0.0009354858245089164,
    0.7975410010242096,
    0.9764306800693257,
    2.0
  ]
}