{
  "-log_likelihood": 1693.610437075118,
  "params": [
    311.61727198634355,
    0.9708884083499374,
    0.02745047421037352,
    2.0
  ]
}