{
  "-log_likelihood": 1700.1850955500104,
  "params": [
    219.84730117591303,
    1.0,
    0.10365466688009221,
    1.9287295789429149
  ]
}