{
  "-log_likelihood": 3709.9782507318678,
  "params": [
    0.010205965101081104,
    1.1159595138752181,
    0.86057933628915984,
    1.758514747752205
  ]
}