{
  "-log_likelihood": 1531.8617416954085,
  "errors": [
    3.5601461081933884e-05,
    0.0,
    5.4871551958346698,
    0.0
  ],
  "params": [
    0.00017133874363428665,
    1.0,
    19.003957659051412,
    0.5
  ]
}