{
  "-log_likelihood": 6352.398182936402,
  "params": [
    1.3940004302978337,
    1.0,
    3.6317542791326756,
    2.0
  ]
}