{
  "-log_likelihood": 3128.6201820421106,
  "params": [
    2.7133662408514767,
    1.0,
    35.14557642759212,
    1.6810215627039053
  ]
}