{
  "-log_likelihood": 6343.6165517605159,
  "params": [
    0.013132785390555428,
    1.3856224142239695,
    1443.1643328855985,
    1.5165379184601735
  ]
}