{
  "-log_likelihood": 3036.3830246153188,
  "errors": [
    0.0014786591522149596,
    0.0,
    35.011041524219273,
    0.33721450853964952
  ],
  "params": [
    0.032749304342060338,
    1.0,
    1.3161801233542061,
    1.8165336415281053
  ]
}