{
  "-log_likelihood": 3682.82428705412,
  "params": [
    0.020178539085699686,
    0.9987121150125808,
    0.7524532056740922,
    2.0
  ]
}