{
  "-log_likelihood": 3029.4163676916578,
  "errors": [
    0.0049376007901305932,
    0.04997470090103151,
    2.9402588595566663,
    0.2561562678835797
  ],
  "params": [
    0.0065481651021607893,
    1.113464212350969,
    0.39874196300964476,
    1.922472552203657
  ]
}