{
  "-log_likelihood": 93001998.973817438,
  "errors": [
    0.072512100683041952
  ],
  "params": [
    1.0508097763304787
  ]
}