{
  "-log_likelihood": 996.95143678412251,
  "errors": [
    3.4993776291144317e-05,
    0.18709815582580042,
    0.11195158571661307,
    0.0
  ],
  "params": [
    3.9505678235886292e-06,
    1.143118015340103,
    0.81950495666189327,
    1.0
  ]
}