{
  "-log_likelihood": 2080.2410266880765,
  "errors": [
    6.1340020943674821e-06,
    0.0,
    0.55347010452404966,
    0.3818696746834388
  ],
  "params": [
    8.4797756116059041e-05,
    1.0,
    0.60939917495540075,
    2.1995080800576403
  ]
}