{
  "-log_likelihood": 3474.8088690389113,
  "errors": [
    0.00031298318980590225,
    0.0,
    0.21284931121591419,
    0.1512733407269285
  ],
  "params": [
    0.0070920163458057786,
    1.0,
    0.13563650424178461,
    2.072609802103643
  ]
}