{
  "-log_likelihood": 3658.9061045666135,
  "params": [
    0.018423913676338707,
    1.0,
    247.50668695357763,
    1.240578759444788
  ]
}