{
  "-log_likelihood": 1007.9488213591833,
  "params": [
    2.1873412331570762e-05,
    1.0,
    0.7200460057643212,
    2.0
  ]
}