{
  "-log_likelihood": 5807.26407700165,
  "params": [
    0.008371454850813904,
    1.423500755671305,
    2.96678293281727,
    2.0
  ]
}