{
  "-log_likelihood": 805.9872656425131,
  "params": [
    5.6099233547532455e-05,
    0.9195539959624359,
    0.2758650521588987,
    2.5066950938296393
  ]
}