{
  "-log_likelihood": 2077.7701249454813,
  "params": [
    6.982147361666902e-05,
    1.0,
    2.2544914601142683,
    1.368354640474452
  ]
}