{
  "-log_likelihood": 3340.1172512884496,
  "errors": [
    0.15845708845936549
  ],
  "params": [
    1.1878666736419903
  ]
}