{
  "-log_likelihood": 218.82770324631295,
  "params": [
    1.4762102702233565e-05,
    1.0461292716754478,
    0.32399317674875111,
    2.0
  ]
}