{
  "-log_likelihood": 3653.5042432231135,
  "params": [
    0.0646619921890356,
    0.8989915867461002,
    1255.7061463811924,
    1.0452598106726778
  ]
}