{
  "-log_likelihood": 3029.6873564753741,
  "errors": [
    0.0058590925469678866,
    0.059304529268729707,
    0.045703144168240915,
    0.0
  ],
  "params": [
    0.0056729202238301009,
    1.1236861120894561,
    0.1757808536262756,
    2.0
  ]
}