{
  "-log_likelihood": 2103.2076669579747,
  "errors": [
    5.4979078741602644e-06,
    0.0,
    0.26772224611170842,
    0.0
  ],
  "params": [
    6.476005164920211e-05,
    1.0,
    2.540143968100975,
    0.5
  ]
}