{
  "-log_likelihood": 3691.9947518630725,
  "params": [
    0.04462746932741702,
    1.0,
    0.0873371154329182,
    2.0
  ]
}