{
  "-log_likelihood": 3691.9947518630729,
  "errors": [
    0.0015028511438690167,
    0.0,
    0.019151604614578467,
    0.0
  ],
  "params": [
    0.044627469042653793,
    1.0,
    0.087337120111595556,
    2.0
  ]
}