{
  "-log_likelihood": 1693.6104370746,
  "errors": [
    165.91066259834901,
    0.043304550739600378,
    0.0071250195438762425,
    0.0
  ],
  "params": [
    311.61824766307279,
    0.97088810460776442,
    0.027450452752956322,
    2.0
  ]
}