{
  "-log_likelihood": 2073.1758843025254,
  "params": [
    0.0007689522937907845,
    0.813878789839853,
    0.7767391981058659,
    2.0879348869387453
  ]
}