{
  "-log_likelihood": 3128.6201820181668,
  "errors": [
    0.33356935931403225,
    0.0,
    35.026347527928202,
    0.17422693910684356
  ],
  "params": [
    2.7133780469886926,
    1.0,
    5.9290573564185207,
    0.84050105471803205
  ]
}