{
  "-log_likelihood": 3675.3353546429516,
  "errors": [
    0.0010197461138244726,
    0.0,
    3.7099183996197698,
    0.0
  ],
  "params": [
    0.017298835001223471,
    1.0,
    31.89635994019611,
    0.5
  ]
}