{
  "-log_likelihood": 5807.264077000772,
  "errors": [
    0.018560385693318179,
    0.11799683452936267,
    1.0741651852590388,
    0.0
  ],
  "params": [
    0.0083714676586825673,
    1.4235004138698515,
    2.9667730494542122,
    2.0
  ]
}