{
  "-log_likelihood": 1693.6093448690551,
  "params": [
    312.4679462604469,
    0.9706598837078926,
    0.02483030681980418,
    2.0057854244934137
  ]
}