{
  "-log_likelihood": 546.7126323568358,
  "errors": [
    0.0045764535845405985,
    0.13107647803304961,
    41.185953362891127,
    0.53937542453720322
  ],
  "params": [
    0.0016327137336579959,
    0.96603766666549595,
    2.4679512218940358,
    1.6746030129254568
  ]
}