{
  "-log_likelihood": 2050.2160829958202,
  "params": [
    0.0010608255492350568,
    0.77964104791111122,
    0.84633439022669632,
    1.6803240327774407
  ]
}