{
  "-log_likelihood": 613.09547698147492,
  "errors": [
    0.0077037022370567716,
    0.25699529447597547,
    7.9292640382321036,
    0.0
  ],
  "params": [
    0.00040931712440796909,
    1.0710627709618057,
    14.427794842861118,
    0.5
  ]
}