{
  "-log_likelihood": 3029.687356476214,
  "params": [
    0.0056727247850427535,
    1.123688673386274,
    0.1757799422173104,
    2.0
  ]
}