{
  "-log_likelihood": 2073.1758843443499,
  "errors": [
    0.0010714118224304295,
    0.088423485166313293,
    1.1201725561097846,
    0.44440807454881798
  ],
  "params": [
    0.00076902616888297425,
    0.81387120224570431,
    0.77667894437147644,
    2.0879596379552083
  ]
}