{
  "-log_likelihood": 3138.3694812207723,
  "errors": [
    0.10428300938039342,
    0.19352891896038613,
    7.0463181199113327,
    0.0
  ],
  "params": [
    0.016748770105052685,
    1.4599552062436481,
    8.0083980434693149,
    2.0
  ]
}