{
  "-log_likelihood": 1007.9488208563797,
  "errors": [
    1.7504667960465312e-06,
    0.0,
    0.16403191376373097,
    0.02651150528216533
  ],
  "params": [
    2.1873903181364037e-05,
    1.0,
    0.84854486011512575,
    1.0
  ]
}