{
  "-log_likelihood": 1094242295.2391353,
  "params": [
    1.4581837208742043
  ]
}