{
  "-log_likelihood": 119222.00297788193,
  "errors": [
    0.25368851660614072
  ],
  "params": [
    1.0439199408911835
  ]
}