{
  "-log_likelihood": 3654.06787126757,
  "errors": [
    0.0038403817531572895,
    0.026156565104364895,
    0.8180764087646459,
    0.18586601926407467
  ],
  "params": [
    0.010591833375165921,
    1.112985112095562,
    0.19261113456135637,
    1.8954873952607947
  ]
}