{
  "-log_likelihood": 1505.885154927289,
  "errors": [
    2.6473906062981833e-05,
    0.0,
    7.6149034479455677,
    0.27850587699974866
  ],
  "params": [
    0.00015330367827187389,
    1.0,
    2.3433207364548529,
    0.88914426337621477
  ]
}