{
  "-log_likelihood": 3440.7802115057993,
  "errors": [
    0.015778181019534012,
    0.028641550591788325,
    0.05483324691681817,
    0.0
  ],
  "params": [
    0.043583925220575824,
    0.8466674769713392,
    0.19017433619577162,
    2.0
  ]
}