{
  "-log_likelihood": 3655.4004425363128,
  "errors": [
    0.003763521983893613,
    0.025228842015003399,
    0.014053836578449547,
    0.0
  ],
  "params": [
    0.010624972027430263,
    1.1127586004882366,
    0.071541180001306132,
    2.0
  ]
}