{
  "-log_likelihood": 1166.7359195674717,
  "errors": [
    3.3942727660037849e-06,
    0.0,
    0.65499883890283517,
    0.0
  ],
  "params": [
    2.3177545310892116e-05,
    1.0,
    2.327269861666625,
    0.5
  ]
}