{
  "-log_likelihood": 6510.1473617241518,
  "errors": [
    0.65084028816410822,
    0.0,
    246.72547391082782,
    0.0
  ],
  "params": [
    2.1692989032704126,
    1.0,
    1009.9856755658631,
    0.5
  ]
}