{
  "-log_likelihood": 609.2687267246368,
  "params": [
    0.0011044236620499537,
    1.0,
    6.83345219792331,
    1.6195452680059301
  ]
}