{
  "-log_likelihood": 1698.9214313988734,
  "errors": [
    180.4906828447517,
    0.04725639625218613,
    79.25696979791671,
    0.3208851627373398
  ],
  "params": [
    304.7352273243427,
    0.9727850982928572,
    0.17114949574200125,
    1.0
  ]
}