{
  "-log_likelihood": 204.39360012614557,
  "params": [
    2.5822032235853016e-05,
    1.0,
    0.39201403282695946,
    2.0
  ]
}