{
  "-log_likelihood": 1693.6093448692677,
  "errors": [
    193.82208995897341,
    0.044710650465402381,
    7393.9909828319996,
    0.70502269333179823
  ],
  "params": [
    312.46714281201571,
    0.97066031759923599,
    0.024835676261744752,
    2.0057737932679718
  ]
}