{
  "-log_likelihood": 70846201.94868022,
  "errors": [
    0.02426091436351281
  ],
  "params": [
    1.121031342805009
  ]
}