{
  "-log_likelihood": 3654.0678712467015,
  "params": [
    0.010592230426006113,
    1.1129823020148917,
    0.19261254190504756,
    1.8954866101867174
  ]
}