{
  "-log_likelihood": 1698.9214313873986,
  "errors": [
    190.48089424820046,
    0.047197205199417919,
    40.649496081306104,
    0.31462927438154936
  ],
  "params": [
    304.72621803515375,
    0.97278744731167588,
    0.17114974711599473,
    1.0
  ]
}