{
  "-log_likelihood": 1519.2270683321881,
  "errors": [
    0.00017517033412777749,
    0.33438818384680719,
    7.3615134324368041,
    0.0
  ],
  "params": [
    2.3362141691456797e-06,
    1.2798491993669721,
    21.654703037325419,
    0.5
  ]
}