{
  "-log_likelihood": 3682.824287054199,
  "errors": [
    0.028066993721593065,
    0.088941467789081963,
    0.20994853085196871,
    0.0
  ],
  "params": [
    0.020178929653342659,
    0.99871042912103214,
    0.75245362409753014,
    2.0
  ]
}