{
  "-log_likelihood": 609.12765035962354,
  "params": [
    0.0018835263962094302,
    0.95702565174546128,
    4.1755125529014379,
    1.7079974968873011
  ]
}