{
  "-log_likelihood": 3519.86992434475,
  "errors": [
    0.03120485066943391,
    0.03831691091346532,
    8.97699972924946,
    0.2094422572175193
  ],
  "params": [
    0.06486750300520464,
    0.8138002902702632,
    6.0445662165737915,
    0.63205735629487
  ]
}