{
  "-log_likelihood": 26514.271512388597,
  "errors": [
    0.013870513282614811,
    0.008595774079255715,
    0.008030562596466848,
    0.0
  ],
  "params": [
    0.15476383661692836,
    0.9934498056354987,
    0.08632647875615788,
    2.0
  ]
}