{
  "-log_likelihood": 3606.1617017826684,
  "params": [
    0.005740192727125157,
    1.0,
    37.38973887452449,
    1.3502760132783096
  ]
}