{
  "-log_likelihood": 3074.6910181576509,
  "errors": [
    0.011083506123110168,
    0.082398920111078369,
    18.122232029742175,
    0.0
  ],
  "params": [
    0.0084541052638499974,
    1.0934023640254633,
    88.233573049562978,
    0.5
  ]
}