{
  "-log_likelihood": 3709.9782507249124,
  "errors": [
    0.0029980897170135156,
    0.021637508362574824,
    1.5014713230860941,
    0.12080083056488322
  ],
  "params": [
    0.010206264787128903,
    1.1159572729641911,
    0.92763443560213965,
    0.87926172523002699
  ]
}