{
  "-log_likelihood": 70846201.948680058,
  "errors": [
    0.023798281140764582
  ],
  "params": [
    1.1210314431617572
  ]
}