{
  "-log_likelihood": 3138.3694812207905,
  "params": [
    0.016748656956019008,
    1.4599557797484572,
    8.008391475865283,
    2.0
  ]
}