{
  "-log_likelihood": 3091.2472862975665,
  "errors": [
    0.0030340211833439945,
    0.0,
    16.330295166605605,
    0.0
  ],
  "params": [
    0.03499046341051492,
    1.0,
    88.680179367099441,
    0.5
  ]
}