{
  "-log_likelihood": 3655.400442673868,
  "errors": [
    0.03579635200098983,
    0.06125202206921292,
    0.02866902046186189,
    0.0
  ],
  "params": [
    0.010624039725817155,
    1.1127655008015638,
    0.0715409648148752,
    2.0
  ]
}