{
  "-log_likelihood": 1698.9214313889029,
  "params": [
    304.72881509340186,
    0.97278669523723793,
    0.029292302412910663,
    2.0
  ]
}