{
  "-log_likelihood": 8663979.5774623118,
  "errors": [
    0.075533452875518811
  ],
  "params": [
    0.93361643170209185
  ]
}