{
  "-log_likelihood": 3655.4004425349813,
  "params": [
    0.010624904235749551,
    1.112759107004664,
    0.07154091080924724,
    2.0
  ]
}