{
  "-log_likelihood": 5824.8369970993008,
  "errors": [
    0.19723635480803381,
    0.0,
    1.1133122209006643,
    0.0
  ],
  "params": [
    1.3938209196446081,
    1.0,
    3.4447695261732942,
    2.0
  ]
}