{
  "-log_likelihood": 3425.518623743283,
  "errors": [
    0.02524126263966741,
    0.030904363670818037,
    22.70592368630539,
    0.27463617280121516
  ],
  "params": [
    0.06063900531303584,
    0.8192628079796318,
    4.457856083515378,
    1.542541150268007
  ]
}