{
  "-log_likelihood": 3745.151066581458,
  "params": [
    0.04469582621320457,
    1.0,
    0.10147988485979213,
    2.0
  ]
}