{
  "-log_likelihood": 330234.94478291192,
  "errors": [
    0.17130749013490087
  ],
  "params": [
    1.0849866925081313
  ]
}