{
  "-log_likelihood": 1695.028976906555,
  "errors": [
    9.042952464574688,
    0.0,
    277.8592710078924,
    0.34627031467899777
  ],
  "params": [
    220.0579949760902,
    1.0,
    0.042808712491187534,
    1.9759871733725825
  ]
}