{
  "-log_likelihood": 3145.8138109147458,
  "errors": [
    0.87973962398109706,
    0.0,
    6.3867884469933847,
    0.0
  ],
  "params": [
    4.5933318562182102,
    1.0,
    9.4997034128524849,
    2.0
  ]
}