{
  "-log_likelihood": 3145.813810914741,
  "params": [
    4.593335069771621,
    1.0,
    9.4997156955621,
    2.0
  ]
}