{
  "-log_likelihood": 204.22588247185598,
  "errors": [
    8.9108252293449032e-05,
    0.13036583478738203,
    0.12204952854102435,
    0.0
  ],
  "params": [
    1.6953073146500032e-05,
    1.0351129760680198,
    0.39034587311070934,
    2.0
  ]
}