{
  "-log_likelihood": 3658.9061045644735,
  "errors": [
    0.0012435688065665625,
    0.0,
    905.24248368749272,
    0.24159466795140219
  ],
  "params": [
    0.018423900484042233,
    1.0,
    247.52138051584706,
    1.240571253041751
  ]
}