{
  "-log_likelihood": 814.3091174431929,
  "params": [
    6.278503463805428e-05,
    0.9107675507125462,
    0.5450305548286279,
    2.0
  ]
}