{
  "-log_likelihood": 5818.138050627425,
  "params": [
    1.5200898159940979,
    1.0,
    1298.0210868956128,
    1.5255758076260124
  ]
}