{
  "-log_likelihood": 3425.5186237312878,
  "errors": [
    0.02351342918259032,
    0.032962316815713613,
    14.480926413852899,
    0.21867834054234275
  ],
  "params": [
    0.06063877504588553,
    0.81926301153194736,
    4.4579779391930234,
    1.5425384427269258
  ]
}