{
  "-log_likelihood": 3425.518623731202,
  "params": [
    0.06063861489305692,
    0.8192632108925467,
    4.457946463002677,
    1.542539210950391
  ]
}