{
  "-log_likelihood": 3037.6060301431389,
  "errors": [
    0.0011119107399858014,
    0.0,
    0.050755222440375974,
    0.0
  ],
  "params": [
    0.032310431477025787,
    1.0,
    0.18712091476389767,
    2.0
  ]
}