{
  "-log_likelihood": 1373.5957626751069,
  "errors": [
    5.0947020252054156e-05,
    0.0,
    7.4332750053844583,
    0.0
  ],
  "params": [
    0.00026089325538366056,
    1.0,
    14.443133568155368,
    2.0
  ]
}