{
  "-log_likelihood": 1695.028976903102,
  "params": [
    220.05800717398867,
    1.0,
    0.04282106979393613,
    1.975970925245989
  ]
}