{
  "-log_likelihood": 814.3091206755779,
  "errors": [
    8.9057390174945776e-05,
    0.089669169158555634,
    0.11628012118987997,
    0.0
  ],
  "params": [
    6.2830733437470432e-05,
    0.9107024652171466,
    0.54486912912301855,
    2.0
  ]
}