{
  "-log_likelihood": 43692.328283513976,
  "errors": [
    0.0011114163375696095,
    0.0,
    0.15227715742380268,
    0.03177482392101075
  ],
  "params": [
    0.10003005175428276,
    1.0,
    0.6080658939456866,
    0.9645032335257907
  ]
}