{
  "-log_likelihood": 2991.8172106700194,
  "params": [
    0.0054686245904560981,
    1.1254309363942772,
    0.10715092859243554,
    2.0
  ]
}