{
  "-log_likelihood": 3668.4228440837001,
  "params": [
    0.050104899539407582,
    0.91621132187618282,
    87.88678151714555,
    1.2975384658777007
  ]
}