{
  "-log_likelihood": 3006.2877014285523,
  "errors": [
    0.0014548628209270905,
    0.0,
    0.03229452129517265,
    0.0
  ],
  "params": [
    0.031913037738656884,
    1.0,
    0.34343049036383133,
    1.0
  ]
}