{
  "-log_likelihood": 1370.9525262266027,
  "params": [
    4.4526731113839175e-05,
    1.1243031579101959,
    74.18680861197589,
    1.7029740839112582
  ]
}