{
  "-log_likelihood": 546.7126323585567,
  "params": [
    0.0016327465136647742,
    0.9660364396908253,
    2.4682210182753197,
    1.674588727439776
  ]
}