{
  "-log_likelihood": 5075738.00297449,
  "errors": [
    0.0377747720448735
  ],
  "params": [
    0.8071212607697648
  ]
}