{
  "-log_likelihood": 3934.7391504242237,
  "errors": [
    0.0038140839290554162,
    0.0,
    8.3838589160528691,
    0.0
  ],
  "params": [
    0.055794207757093081,
    1.0,
    55.710294919217148,
    0.5
  ]
}