{
  "-log_likelihood": 3606.1617017832186,
  "errors": [
    0.0008971385838002714,
    0.0,
    13.802310842921178,
    0.22334408681914267
  ],
  "params": [
    0.005740193461709018,
    1.0,
    6.114673186925629,
    0.675138905812729
  ]
}