{
  "-log_likelihood": 1826.925841893288,
  "errors": [
    688.587854002876,
    0.8600549254967809,
    2.5450471786296163,
    0.0
  ],
  "params": [
    2.735468892661463,
    1.399361425376171,
    1.3046183079874174,
    2.0
  ]
}