{
  "-log_likelihood": 204.0756314724167,
  "params": [
    1.8286560114929807e-05,
    1.0287180117104493,
    0.33196939001302567,
    2.1128308844940316
  ]
}