{
  "-log_likelihood": 1094242295.2391353,
  "errors": [
    0.20702369233688514
  ],
  "params": [
    1.4581837232164545
  ]
}