{
  "-log_likelihood": 3474.8088690395934,
  "errors": [
    0.00036031536178438077,
    0.0,
    0.17661915157272134,
    0.1407881476236681
  ],
  "params": [
    0.007092009656284771,
    1.0,
    0.1356369082507747,
    2.0726092679955594
  ]
}