{
  "-log_likelihood": 3672.9672963648491,
  "errors": [
    0.037810735122349129,
    0.073854357824013089,
    3.624379256060716,
    0.0
  ],
  "params": [
    0.031909211413450024,
    0.95196325126451264,
    31.063309122411621,
    0.5
  ]
}