{
  "-log_likelihood": 25576540092.75958,
  "errors": [
    0.12614461566838264
  ],
  "params": [
    1.0588569626198117
  ]
}