{
  "-log_likelihood": 548.2278360382389,
  "params": [
    0.0012243508206941777,
    0.990408701797444,
    0.480891511978439,
    2.0
  ]
}