{
  "-log_likelihood": 43846.46216653026,
  "errors": [
    0.0012416298759777694,
    0.0,
    0.11381663320813304,
    0.04944486356642578
  ],
  "params": [
    0.10243755404745455,
    1.0,
    0.2921699716923508,
    2.0268567936810498
  ]
}