{
  "-log_likelihood": 3745.1510665814581,
  "errors": [
    0.0015795400271780863,
    0.0,
    0.10600545921246078,
    0.017935014775645294
  ],
  "params": [
    0.044695825779157428,
    1.0,
    0.31855906529737088,
    1.0
  ]
}