{
  "-log_likelihood": 546.92605813262378,
  "errors": [
    0.00019130806066135393,
    0.0,
    19.302396157240498,
    0.36386949080161052
  ],
  "params": [
    0.0010753983421847948,
    1.0,
    2.1022065732705411,
    1.7038877279269289
  ]
}