{
  "-log_likelihood": 3519.8699243438386,
  "errors": [
    0.029161335593210016,
    0.036144694270709349,
    9.5370167966768431,
    0.18517694654523831
  ],
  "params": [
    0.064867626229607817,
    0.81380015099782277,
    6.0445106406320948,
    0.63205860620380949
  ]
}