{
  "-log_likelihood": 3691.3279732097094,
  "errors": [
    0.0021419872826501578,
    0.0,
    2.9465777427143767,
    0.201374456344394
  ],
  "params": [
    0.04417647623747186,
    1.0,
    0.03984473604471871,
    2.080800427651319
  ]
}