{
  "-log_likelihood": 816.58356177536359,
  "errors": [
    1.6798571732388736e-06,
    0.0,
    0.10825978035645795,
    0.0
  ],
  "params": [
    2.1557026594451403e-05,
    1.0,
    0.55275226101051578,
    2.0
  ]
}