{
  "-log_likelihood": 807.4198013746332,
  "params": [
    2.182867717219006e-05,
    1.0,
    0.2846893674295438,
    2.496866254474633
  ]
}