{
  "-log_likelihood": 2010.2415604973378,
  "errors": [
    1673.6407597075774,
    0.0,
    292.0690719937093,
    0.3792004701681437
  ],
  "params": [
    1067.0481019881267,
    1.0,
    0.7943795904752284,
    1.0
  ]
}