{
  "-log_likelihood": 996.95169723589743,
  "params": [
    3.9898648399609976e-06,
    1.1422671462918044,
    0.6729570656023065,
    2.0
  ]
}