{
  "-log_likelihood": 3709.9782507437,
  "errors": [
    0.003276338568775449,
    0.02498969731376299,
    5.127512054278163,
    0.15300516378715567
  ],
  "params": [
    0.010205850719102396,
    1.115960499074923,
    0.9276596886379637,
    0.879258832380629
  ]
}