{
  "-log_likelihood": 609.12765035463769,
  "errors": [
    0.0044275071677268478,
    0.27489610439450213,
    4.0972770048322058,
    0.2781192885164811
  ],
  "params": [
    0.0018836002331406581,
    0.95702336868180071,
    2.0430813766645723,
    0.85402520826144224
  ]
}