{
  "-log_likelihood": 1371.5522450110047,
  "errors": [
    0.00013465601383488734,
    0.26867084451544782,
    8.5933947750754598,
    0.0
  ],
  "params": [
    4.6924551249827029e-06,
    1.285235903171096,
    13.680388161663602,
    2.0
  ]
}