{
  "-log_likelihood": 3132.6528381831204,
  "params": [
    4.292370514073994,
    1.0,
    4163064.515265013,
    1.0229502629930445
  ]
}