{
  "-log_likelihood": 2083.8625551396431,
  "errors": [
    4.8341462636820392e-06,
    0.0,
    0.32440192264018047,
    0.0
  ],
  "params": [
    8.3588990377635872e-05,
    1.0,
    1.0245070814642949,
    2.0
  ]
}