{
  "-log_likelihood": 26497.091334200348,
  "errors": [
    0.001328272447005786,
    0.0,
    0.09550682758856882,
    0.06460306343892327
  ],
  "params": [
    0.14428493537652973,
    1.0,
    0.1743564090770801,
    1.913968960523033
  ]
}