{
  "-log_likelihood": 5824.836997099301,
  "params": [
    1.3938210774231548,
    1.0,
    3.4447697267903052,
    2.0
  ]
}