{
  "-log_likelihood": 2073.5146957689412,
  "errors": [
    0.001507313902241856,
    0.10381291903242265,
    0.22904512285652937,
    0.0
  ],
  "params": [
    0.00093542831248405022,
    0.79754566034971308,
    0.97644022417734888,
    2.0
  ]
}