{
  "-log_likelihood": 295194559.36926043,
  "errors": [
    0.02065066104736895
  ],
  "params": [
    0.9852555465449745
  ]
}