{
  "-log_likelihood": 3745.1510665814912,
  "errors": [
    0.00149530837186824,
    0.0,
    0.09972691333535028,
    0.015321746105187693
  ],
  "params": [
    0.04469582024748971,
    1.0,
    0.3185591023187461,
    1.0
  ]
}