{
  "-log_likelihood": 807.4198008690189,
  "errors": [
    1.7716667832639113e-06,
    0.0,
    0.097611648798176659,
    0.285712806657762
  ],
  "params": [
    2.1828440565403364e-05,
    1.0,
    0.28470953903593499,
    2.4968441098400911
  ]
}