{
  "-log_likelihood": 3691.3279732094684,
  "params": [
    0.044176459149547716,
    1.0,
    0.03984419141833969,
    2.0808017098469307
  ]
}