{
  "-log_likelihood": 3440.7802115054692,
  "errors": [
    0.017561507720980089,
    0.032527555443242928,
    0.056798917113399898,
    0.0
  ],
  "params": [
    0.043584155651648707,
    0.84666706478405607,
    0.1901743850669014,
    2.0
  ]
}