{
  "-log_likelihood": 2991.8172106702232,
  "errors": [
    0.0036490445977762111,
    0.048375170750964119,
    0.4389932471109434,
    0.069120173137597454
  ],
  "params": [
    0.0054687041189707608,
    1.1254294709092036,
    0.32733884575809524,
    1.0
  ]
}