{
  "-log_likelihood": 3606.1617017824774,
  "errors": [
    0.0010030763430021023,
    0.0,
    11.861310734286045,
    0.24085156316034001
  ],
  "params": [
    0.0057401977467526413,
    1.0,
    6.1146806721674594,
    0.67513877824789559
  ]
}