{
  "-log_likelihood": 3655.4004425995954,
  "errors": [
    0.6970916866618004,
    0.1476714895196766,
    0.192881174847168,
    0.0
  ],
  "params": [
    0.010624443118619846,
    1.112762484947126,
    0.07154201048817685,
    2.0
  ]
}