{
  "-log_likelihood": 3037.606030143137,
  "params": [
    0.03231043143967564,
    1.0,
    0.18712088235908153,
    2.0
  ]
}