{
  "-log_likelihood": 548.23856739683038,
  "errors": [
    0.00019794882523841548,
    0.0,
    0.20359151330730627,
    0.0
  ],
  "params": [
    0.001091716589504617,
    1.0,
    0.48102508693493384,
    2.0
  ]
}