{
  "-log_likelihood": 3519.8699243446517,
  "params": [
    0.06486745348716709,
    0.81380034245756694,
    36.536702842263935,
    1.2641149788992831
  ]
}