{
  "-log_likelihood": 5818.1380512580436,
  "errors": [
    0.2684235867624305,
    0.0,
    17733.493969896135,
    0.26187193014250254
  ],
  "params": [
    1.519949613061127,
    1.0,
    1298.3920769672081,
    1.5255566647719334
  ]
}