{
  "-log_likelihood": 3132.6727017122344,
  "errors": [
    6.1272512635252365,
    0.29952378234326082,
    5186168.0042308122,
    0.81066759121370524
  ],
  "params": [
    4.2145412476637514,
    1.001353985495969,
    2971892.085130237,
    1.047099727198685
  ]
}