{
  "-log_likelihood": 3691.3279732094525,
  "errors": [
    0.0018155145616716702,
    0.0,
    0.10711562678514744,
    0.15866238029043117
  ],
  "params": [
    0.044176462185204476,
    1.0,
    0.039844273598686739,
    2.0808015047582247
  ]
}