{
  "-log_likelihood": 805.98725423378096,
  "errors": [
    9.4238354999270351e-05,
    0.10536836388805283,
    0.079235749003556524,
    0.27386034027024059
  ],
  "params": [
    5.6038792945616741e-05,
    0.91965876433583715,
    0.27576690077975635,
    2.5070173778249365
  ]
}