{
  "-log_likelihood": 204.1698064662766,
  "params": [
    2.5716431566168597e-05,
    1.0,
    0.323061718342721,
    2.131952282764211
  ]
}