{
  "-log_likelihood": 3440.7802115054246,
  "params": [
    0.043584175681404054,
    0.8466669929123338,
    0.19017427051956165,
    2.0
  ]
}