{
  "-log_likelihood": 3709.9782507901955,
  "errors": [
    0.0032859757457757836,
    0.02410129843011141,
    2.413030931885206,
    0.14062345994716544
  ],
  "params": [
    0.01020563707529006,
    1.115962005652085,
    0.9276547583290445,
    0.8792591453312284
  ]
}