{
  "-log_likelihood": 2080.2410267461837,
  "params": [
    8.479762080334158e-05,
    1.0,
    0.6093875620012799,
    2.199521269657568
  ]
}