{
  "-log_likelihood": 3682.8246482510094,
  "errors": [
    0.0011433289709802598,
    0.0,
    0.23256063219758782,
    0.0
  ],
  "params": [
    0.019872169252671344,
    1.0,
    0.75245509534150234,
    2.0
  ]
}