{
  "-log_likelihood": 204.22587851777016,
  "params": [
    1.6958647842706427e-05,
    1.0350707157726,
    0.39037659172174155,
    2.0
  ]
}