{
  "-log_likelihood": 70846201.94868007,
  "errors": [
    0.02077986617381453
  ],
  "params": [
    1.1210314399746837
  ]
}