{
  "-log_likelihood": 204.39360011003203,
  "errors": [
    3.0400537395178674e-06,
    0.0,
    0.11384452753586469,
    0.0
  ],
  "params": [
    2.5822240016277413e-05,
    1.0,
    0.3920110639022566,
    2.0
  ]
}