{
  "-log_likelihood": 5805.3345808781778,
  "errors": [
    0.083750494868298886,
    0.1504495287744434,
    325.37731908609146,
    0.21915256692326449
  ],
  "params": [
    0.019882901620490695,
    1.3509476119735069,
    40.218085742875807,
    1.7859055253912959
  ]
}