{
  "-log_likelihood": 1695.0289769014084,
  "errors": [
    8.2198444278555147,
    0.0,
    53.519039034556855,
    0.32225829269088779
  ],
  "params": [
    220.05807744132107,
    1.0,
    0.042817613740157856,
    1.975975850667542
  ]
}