{
  "-log_likelihood": 1504.6889229747583,
  "params": [
    2.3386026691439335e-05,
    1.1323999600368666,
    17.357695207641381,
    1.5633784133349964
  ]
}