{
  "-log_likelihood": 1371.5522389395442,
  "params": [
    4.7325931227476985e-06,
    1.2846466596012087,
    13.687234939271661,
    2.0
  ]
}