{
  "-log_likelihood": 3654.0678715719473,
  "errors": [
    0.25057551764194796,
    0.11088301923522514,
    298.1604813119517,
    0.37578273978542426
  ],
  "params": [
    0.010592550781040518,
    1.112979683393738,
    0.1926731558901747,
    1.8954492947010373
  ]
}