{
  "-log_likelihood": 3144.3363729452949,
  "errors": [
    0.2932443708354921,
    0.0,
    57.690446053838578,
    0.0
  ],
  "params": [
    2.929824361330128,
    1.0,
    518.95304148116384,
    0.5
  ]
}