{
  "-log_likelihood": 233.70220076702321,
  "errors": [
    6.2307991744468652e-06,
    0.10104017770952053,
    0.36645629212016495,
    0.0
  ],
  "params": [
    1.6542286549783694e-06,
    1.2135917760900765,
    1.4666718686728815,
    0.5
  ]
}