{
  "-log_likelihood": 3124.4963310334115,
  "errors": [
    0.80098441316029267,
    0.11232948355454689,
    37.586585251032687,
    0.11315353738555842
  ],
  "params": [
    0.51280863479836936,
    1.1347752221505285,
    16.039891097462419,
    0.76528587171985418
  ]
}