{
  "-log_likelihood": 1758.8756747388318,
  "errors": [
    33.623467935563582,
    0.0,
    961.05306333904082,
    0.0
  ],
  "params": [
    228.14266595961863,
    1.0,
    1779.9121091178135,
    0.5
  ]
}