{
  "-log_likelihood": 2050.2160828609531,
  "errors": [
    0.0011488119610542195,
    0.082735496268457692,
    0.27873438455925548,
    0.1306146075223113
  ],
  "params": [
    0.0010602177657929297,
    0.77968961603615239,
    0.91996545548645048,
    0.84014826014754684
  ]
}