{
  "-log_likelihood": 55001.528853427546,
  "errors": [
    0.11779839524911297
  ],
  "params": [
    0.76402913088624436
  ]
}