{
  "-log_likelihood": 43845.90346580128,
  "errors": [
    0.011360892352107414,
    0.011024820975600974,
    0.12043992108567848,
    0.05539807812327989
  ],
  "params": [
    0.10915987383687448,
    0.9932655871602741,
    0.3001370412931239,
    2.0230540453885997
  ]
}