{
  "-log_likelihood": 1693.6093449830637,
  "errors": [
    206.64345460522722,
    0.04728993911442571,
    3137.51027593557,
    0.7887766405596562
  ],
  "params": [
    312.4921084479437,
    0.9706533800646346,
    0.0248253638059936,
    2.005794699103576
  ]
}