{
  "-log_likelihood": 829480184.72830546,
  "errors": [
    0.088327082535509818
  ],
  "params": [
    1.0603904787596674
  ]
}