{
  "-log_likelihood": 5075738.0029744888,
  "errors": [
    0.037054248821352602
  ],
  "params": [
    0.80712127162897085
  ]
}