{
  "-log_likelihood": 3475.631606936722,
  "params": [
    0.007006890131209426,
    1.0,
    0.22464528987255009,
    2.0
  ]
}