{
  "-log_likelihood": 204.16980657118822,
  "errors": [
    3.0006229372392087e-06,
    0.0,
    0.14906292729135534,
    0.334622858749277
  ],
  "params": [
    2.5716142640459654e-05,
    1.0,
    0.3230374361784763,
    2.1319726733259139
  ]
}