{
  "-log_likelihood": 267.29979496975761,
  "errors": [
    9.7658160702244483e-06,
    0.0,
    0.46355379378580158,
    0.0
  ],
  "params": [
    3.3800020687518906e-05,
    1.0,
    1.6466267405284107,
    0.5
  ]
}