{
  "-log_likelihood": 1371.1920231286144,
  "errors": [
    4.9723069767054314e-05,
    0.0,
    4000.3655640165412,
    0.79250543905651361
  ],
  "params": [
    0.00026061694660571051,
    1.0,
    199.2186251042601,
    1.539036028218199
  ]
}