{
  "-log_likelihood": 3745.1510665814862,
  "errors": [
    0.0015226162569935673,
    0.0,
    0.1434459122021807,
    0.02419719142778791
  ],
  "params": [
    0.04469582079896927,
    1.0,
    0.3185591243052197,
    1.0
  ]
}