{
  "-log_likelihood": 3532.2359247024137,
  "errors": [
    0.033385978898914384,
    0.043287464746677551,
    3.4188807245790547,
    0.0
  ],
  "params": [
    0.060227843212396173,
    0.81909103228124247,
    15.819973721133861,
    0.5
  ]
}