{
  "-log_likelihood": 548.22783603500204,
  "errors": [
    0.0037102379763241477,
    0.11715696640516292,
    0.23381768719429152,
    0.0
  ],
  "params": [
    0.0012243936461284156,
    0.99040647225372502,
    0.48089336461259446,
    2.0
  ]
}