{
  "-log_likelihood": 3810.7721077182596,
  "errors": [
    0.0027319108333695853,
    0.03045830377642236,
    9.1119452876418965,
    0.0
  ],
  "params": [
    0.0072783163876335008,
    1.1395129247833238,
    46.056858517525313,
    0.5
  ]
}