{
  "-log_likelihood": 3074.691018164329,
  "params": [
    0.00845413218858843,
    1.0934019375453534,
    7785.245884999617,
    1.0
  ]
}