{
  "-log_likelihood": 219.48589182817113,
  "errors": [
    3.1275254893788606e-06,
    0.0,
    0.079792150208387369,
    0.094447700169576362
  ],
  "params": [
    2.5663226458852794e-05,
    1.0,
    0.57304782687321376,
    1.0
  ]
}