{
  "-log_likelihood": 548.238567396842,
  "params": [
    0.001091716792426703,
    1.0,
    0.4810252685072571,
    2.0
  ]
}