{
  "-log_likelihood": 3654.0678712428839,
  "errors": [
    0.0034348181667698519,
    0.024022009610325974,
    0.833206145849961,
    0.18440863962792739
  ],
  "params": [
    0.010592143186803311,
    1.1129828415298892,
    0.19260567154797745,
    1.8954906225279899
  ]
}