{
  "-log_likelihood": 1702.0657554699144,
  "errors": [
    593.0330643876022,
    0.127054400756415,
    222.7694481176243,
    0.2858855510790481
  ],
  "params": [
    179.61748674960046,
    1.0163825607795758,
    0.5127953782907235,
    0.9389479690871194
  ]
}