{
  "-log_likelihood": 25576540092.759575,
  "errors": [
    0.1396789835960841
  ],
  "params": [
    1.0588569627095519
  ]
}