{
  "-log_likelihood": 546.9260581323233,
  "params": [
    0.0010753992985479042,
    1.0,
    2.1021928649532775,
    1.7038896731738173
  ]
}