{
  "-log_likelihood": 43846.568781466936,
  "errors": [
    0.012176425530903298,
    0.011754198749476806,
    0.02692158641794988,
    0.0
  ],
  "params": [
    0.11052092821491939,
    0.9919601968023238,
    0.3544243968993075,
    2.0
  ]
}