{
  "-log_likelihood": 3653.5042431797451,
  "errors": [
    0.048986578661012845,
    0.06291260429024205,
    1172.3916174835422,
    0.15540419577114803
  ],
  "params": [
    0.064651379460661532,
    0.89900400394358226,
    1255.1091166839294,
    1.0453140298048116
  ]
}