{
  "-log_likelihood": 26260.08324484936,
  "errors": [
    0.014062965076938574,
    0.007460645596486763,
    0.08972523492723714,
    0.023605696966731402
  ],
  "params": [
    0.1763645520189763,
    0.9804124868119504,
    0.4051164632954087,
    0.9446287212838661
  ]
}