{
  "-log_likelihood": 2077.7701246431593,
  "errors": [
    4.8337293067110496e-06,
    0.0,
    0.53303427641644729,
    0.1307652737398276
  ],
  "params": [
    6.9821709973872832e-05,
    1.0,
    1.5015120192548697,
    0.68417649528912972
  ]
}