{
  "-log_likelihood": 219.48589181699174,
  "params": [
    2.56630700049451e-05,
    1.0,
    0.3283811614843569,
    2.0
  ]
}