{
  "-log_likelihood": 3673.194243202345,
  "params": [
    0.01754947265179602,
    1.0,
    253.791707490264,
    1.174028408618239
  ]
}