{
  "-log_likelihood": 3691.3279732100154,
  "errors": [
    0.001932106006984638,
    0.0,
    0.13646285261202337,
    0.1758201294884545
  ],
  "params": [
    0.04417644463297368,
    1.0,
    0.03984439749291087,
    2.080801067651487
  ]
}