{
  "-log_likelihood": 1504.6888707366893,
  "errors": [
    0.00015615705274952204,
    0.2119092018512308,
    9.7801293923467103,
    0.30243686713727469
  ],
  "params": [
    2.2900517934182353e-05,
    1.1337297273236617,
    4.2004994973279333,
    0.78051655190334923
  ]
}