{
  "-log_likelihood": 614.57021841290032,
  "errors": [
    0.00022272989426882006,
    0.0,
    7.4455491213261258,
    0.0
  ],
  "params": [
    0.0011058827903206324,
    1.0,
    13.640021979784953,
    0.5
  ]
}