{
  "-log_likelihood": 609.26872672476929,
  "errors": [
    0.00022758541608485571,
    0.0,
    3.9507359197076775,
    0.25947513496405189
  ],
  "params": [
    0.0011044243587074044,
    1.0,
    2.6140573831233493,
    0.80977470867787149
  ]
}