{
  "-log_likelihood": 1695.0289769014355,
  "errors": [
    8.250577166979605,
    0.0,
    30.747122795975805,
    0.2641266804194372
  ],
  "params": [
    220.05787017341984,
    1.0,
    0.04281827275872221,
    1.9759750559213225
  ]
}