{
  "-log_likelihood": 6352.3981829364002,
  "errors": [
    0.27860995558185508,
    0.0,
    3.2417146515537794,
    0.067490780066302616
  ],
  "params": [
    1.3940004666412364,
    1.0,
    1.9057160601343426,
    1.0
  ]
}