{
  "-log_likelihood": 3673.1942432003621,
  "errors": [
    0.0010649619625625645,
    0.0,
    19.138361292360141,
    0.12024815096995778
  ],
  "params": [
    0.017549462479074147,
    1.0,
    15.930862753280394,
    0.58701432984723245
  ]
}