{
  "-log_likelihood": 1107.0671237213446,
  "errors": [
    5.4262638439927127e-06,
    0.29557841227533771,
    1.0358665621572691,
    0.0
  ],
  "params": [
    4.7687735531219646e-08,
    1.4672838720505634,
    2.6720109613739567,
    0.5
  ]
}