{
  "-log_likelihood": 5805.334580872599,
  "params": [
    0.0198794282837845,
    1.3509620207596793,
    40.21952269103336,
    1.7859014464642429
  ]
}