{
  "-log_likelihood": 1370.9525138875165,
  "errors": [
    0.00037215827002483331,
    0.2091514226876881,
    3785.4087269217202,
    0.89680287887008903
  ],
  "params": [
    4.4886338023471711e-05,
    1.1238060226685112,
    74.662135721412071,
    1.7022723207801076
  ]
}