{
  "-log_likelihood": 3036.38302461533,
  "params": [
    0.032749301292502406,
    1.0,
    1.3161880167755,
    1.8165331626824992
  ]
}