{
  "-log_likelihood": 25576540092.759571,
  "errors": [
    0.14501660320957521
  ],
  "params": [
    1.0588569602033169
  ]
}