{
  "-log_likelihood": 3474.8088690389286,
  "params": [
    0.007092014634644935,
    1.0,
    0.13563643714948959,
    2.0726098782527553
  ]
}