{
  "-log_likelihood": 1373.5957626747631,
  "params": [
    0.0002608941876321983,
    1.0,
    14.443260135598962,
    2.0
  ]
}