{
  "-log_likelihood": 3006.287701428553,
  "params": [
    0.031913037937662134,
    1.0,
    0.11794448718599532,
    2.0
  ]
}