{
  "-log_likelihood": 1700.1850955499283,
  "errors": [
    9.284036537323459,
    0.0,
    67.91781557987251,
    0.20679703986752404
  ],
  "params": [
    219.84735331687818,
    1.0,
    0.32195839140129079,
    0.96436406311449852
  ]
}