{
  "-log_likelihood": 3029.4163676785492,
  "params": [
    0.006548535719767662,
    1.1134599025838001,
    0.39873901064287987,
    1.9224739626276337
  ]
}