{
  "-log_likelihood": 1371.1920231334498,
  "params": [
    0.0002606301550684813,
    1.0,
    199.22018474156135,
    1.5390616557082415
  ]
}