{
  "-log_likelihood": 3132.7256602795987,
  "errors": [
    1.0152675307084449,
    0.0,
    4181512.7891275622,
    0.4710982888521188
  ],
  "params": [
    4.2777774345304183,
    1.0,
    1954452.7634112986,
    1.0772003553405358
  ]
}