{
  "-log_likelihood": 6362.6034917037214,
  "errors": [
    0.0097968212260098261,
    0.33509981568287334,
    707.32030941715232,
    0.0
  ],
  "params": [
    4.4948350179007791e-05,
    1.8045333217682671,
    1302.8419587493197,
    0.5
  ]
}