{
  "-log_likelihood": 3475.6316069367331,
  "errors": [
    0.00031642664724062706,
    0.0,
    0.052789237740387462,
    0.0
  ],
  "params": [
    0.0070068913746932741,
    1.0,
    0.22464540628157009,
    2.0
  ]
}