{
  "-log_likelihood": 2090.4944256942495,
  "errors": [
    0.0010006833223277234,
    0.14262908982908395,
    0.29206670771790322,
    0.0
  ],
  "params": [
    0.00033303879674589839,
    0.87132798242689369,
    2.3712625108235241,
    0.5
  ]
}