{
  "-log_likelihood": 1695.02897690189,
  "errors": [
    8.89420557075091,
    0.0,
    88.06040133760216,
    0.4951929638795127
  ],
  "params": [
    220.05811318142892,
    1.0,
    0.04281795100647253,
    1.9759753683406298
  ]
}