{
  "-log_likelihood": 3668.4228440740007,
  "errors": [
    0.051283419961088775,
    0.059556419071890292,
    12.428363229210175,
    0.13027095487310919
  ],
  "params": [
    0.050102776547392591,
    0.91621465147108083,
    9.3752118628569523,
    0.64876409663230383
  ]
}