{
  "-log_likelihood": 26280.63623171128,
  "errors": [
    0.0012406823240663637,
    0.0,
    0.09385595073979318,
    0.024996725911538335
  ],
  "params": [
    0.14357637793150102,
    1.0,
    0.4092456082126174,
    0.9447129851774335
  ]
}