{
  "-log_likelihood": 3631.0358762753149,
  "errors": [
    0.00059916405948848934,
    0.0,
    6.2141003292778754,
    0.0
  ],
  "params": [
    0.0048316999467762078,
    1.0,
    23.366679428156289,
    0.5
  ]
}