{
  "-log_likelihood": 3124.4963310463345,
  "params": [
    0.51285863335007309,
    1.1347675524244263,
    257.27359173394132,
    1.5305721059151345
  ]
}