{
  "-log_likelihood": 1505.8851548845923,
  "params": [
    0.00015330424296164675,
    1.0,
    5.491919046631304,
    1.7782577275977314
  ]
}