{
  "-log_likelihood": 6343.6165414904917,
  "errors": [
    0.10894922364769527,
    0.22025294655914318,
    123.8575486484323,
    0.22921160166549903
  ],
  "params": [
    0.013079107490151981,
    1.3859624682946234,
    38.10492520598536,
    0.75802122653833603
  ]
}