{
  "-log_likelihood": 2083.8625551370515,
  "params": [
    8.35889228913304e-05,
    1.0,
    1.0245003567660758,
    2.0
  ]
}