{
  "-log_likelihood": 12287.317048919127,
  "errors": [
    0.16370617850756553
  ],
  "params": [
    1.0857848124508784
  ]
}