{
  "-log_likelihood": 3138.4449094698998,
  "errors": [
    0.91163766420634662,
    0.1336156924693076,
    68.9374733097453,
    0.0
  ],
  "params": [
    0.56438781701108032,
    1.1253875253252059,
    541.23812837870082,
    0.5
  ]
}