{
  "-log_likelihood": 1700.185095550793,
  "errors": [
    8.353250966089641,
    0.0,
    18.540642230561623,
    0.17886388508102544
  ],
  "params": [
    219.8472623487793,
    1.0,
    0.32196939970553046,
    0.9643621428038236
  ]
}