{
  "-log_likelihood": 218.82705906890283,
  "errors": [
    2.9987562332114094e-05,
    0.11602561992497966,
    0.16957192324100132,
    0.17848106355762311
  ],
  "params": [
    1.4939015983111738e-05,
    1.0451096171089995,
    0.56975948286372691,
    1.0
  ]
}