{
  "-log_likelihood": 3682.8246482510103,
  "params": [
    0.01987216956194885,
    1.0,
    0.752455162097411,
    2.0
  ]
}