{
  "-log_likelihood": 1695.0464592153166,
  "errors": [
    7.1802495274166009,
    0.0,
    0.00754076289212778,
    0.0
  ],
  "params": [
    220.20245505720391,
    1.0,
    0.0282614988449277,
    2.0
  ]
}