{
  "-log_likelihood": 3132.65320221469,
  "params": [
    4.536242949028317,
    0.9955273595966667,
    3835766.1925911317,
    1.0288449106529625
  ]
}