{
  "-log_likelihood": 152546602.51639697,
  "errors": [
    0.031075411216677645
  ],
  "params": [
    0.9879323069911359
  ]
}