{
  "-log_likelihood": 26480.181534971787,
  "errors": [
    0.014027398414895274,
    0.007415037956039412,
    0.15300564377489406,
    0.06429937499705465
  ],
  "params": [
    0.18084182412837688,
    0.9783959486091397,
    0.25601512616575495,
    1.8670918166310921
  ]
}