{
  "-log_likelihood": 43692.12642207937,
  "errors": [
    0.010696200664074788,
    0.011000593027327657,
    0.12311390527366949,
    0.02794084205244125
  ],
  "params": [
    0.10337621793912789,
    0.9965656530239487,
    0.5894802401143214,
    0.9687759978484156
  ]
}