{
  "-log_likelihood": 1693.6093450523438,
  "errors": [
    213.2071930333243,
    0.09034386451602121,
    3510.3001053303606,
    0.7424218831495446
  ],
  "params": [
    312.42904267828317,
    0.9706702315944166,
    0.024834575947390667,
    2.005776604313376
  ]
}