{
  "-log_likelihood": 1695.0464592152862,
  "params": [
    220.20248467220716,
    1.0,
    0.028261494325455612,
    2.0
  ]
}