{
  "-log_likelihood": 204.07562254651364,
  "errors": [
    3.75968282945477e-05,
    0.10041496179735442,
    0.17658855328654138,
    0.34640003564103988
  ],
  "params": [
    1.8244927313711394e-05,
    1.0289191091695258,
    0.33317042308782946,
    2.1106823386867184
  ]
}