{
  "-log_likelihood": 1739.5192555062506,
  "errors": [
    416.73711420947257,
    0.15294863378700238,
    849.8508567269547,
    0.0
  ],
  "params": [
    88.661890468744375,
    1.0678566031639538,
    1568.9951222594982,
    0.5
  ]
}