{"Brazil": {"gdp": {"P": {"alpha": 0, "beta": 1, "logLML": 23660859827.903328, "terms12": 22652796641.57405, "aRange": 0, "bRange": 0, "BICFactor": 0, "prior": 1.3862943611198906, "logI": 0, "D": 46313656470.86367, "Dbits": 66816482515.95007}, "C": {"alpha": 0, "beta": 1.1663314815354546, "logLML": 23420651424.189156, "terms12": 22652796641.57405, "aRange": 0, "bRange": 3e-05, "BICFactor": 22.0482738386467, "prior": 2.0794415416798357, "logI": 10.875019959406075, "D": 46073448078.717674, "Dbits": 66469935059.82113}, "G": {"alpha": 14.599567066050234, "beta": 1.2364913508161357, "logLML": 23383750938.948578, "terms12": 22652796641.57405, "aRange": 0.01, "bRange": 4e-05, "BICFactor": 44.0965476772934, "prior": 10.838953263796325, "logI": 15.574536503602513, "D": 46036547606.93612, "Dbits": 66416698932.175415}, "E": {"alpha": 17.560444058754186, "beta": 1.2109451238610098, "logLML": 23391592481.928474, "terms12": 22652796641.57405, "aRange": 0.02, "bRange": 4e-05, "BICFactor": 44.0965476772934, "prior": 10.838953263796325, "logI": 15.375687890404027, "D": 46044389149.71716, "Dbits": 66428011887.05855}}, "external": {"P": {"alpha": 0, "beta": 1, "logLML": 981098.7345751111, "terms12": 971486.7681293103, "aRange": 0, "bRange": 0, "BICFactor": 0, "prior": 1.3862943611198906, "logI": 0, "D": 1952586.8889987827, "Dbits": 2816987.4216633528}, "C": {"alpha": 0, "beta": 1.0185349171824594, "logLML": 980991.5956293426, "terms12": 971486.7681293103, "aRange": 0, "bRange": 0.006, "BICFactor": 11.855202251122634, "prior": 2.0794415416798357, "logI": 5.754760817467555, "D": 1952486.1979610121, "Dbits": 2816842.155202499}, "G": {"alpha": 289.7582944004548, "beta": 0.9093100532203415, "logLML": 980820.158052339, "terms12": 971486.7681293103, "aRange": 80, "bRange": 0.0015, "BICFactor": 23.710404502245268, "prior": 10.838953263796325, "logI": 0.7194295498880987, "D": 1952318.484564463, "Dbits": 2816600.195917007}, "E": {"alpha": 219.4304355659513, "beta": 0.9337132382719132, "logLML": 980856.9998442923, "terms12": 971486.7681293103, "aRange": 60, "bRange": 0.02, "BICFactor": 23.710404502245268, "prior": 10.838953263796325, "logI": 1.3226164898545112, "D": 1952355.9295433562, "Dbits": 2816654.2176023624}}, "aids": {"P": {"alpha": 0, "beta": 1, "logLML": 75179.5362936432, "terms12": 70704.84053345596, "aRange": 0, "bRange": 0, "BICFactor": 0, "prior": 1.3862943611198906, "logI": 0, "D": 145885.7631214603, "Dbits": 210468.6669916328}, "C": {"alpha": 0, "beta": 1.1571393335302567, "logLML": 74524.46897090995, "terms12": 70704.84053345596, "aRange": 0, "bRange": 0.012, "BICFactor": 9.400712766959849, "prior": 2.0794415416798357, "logI": 4.527153270262306, "D": 145235.91609917785, "Dbits": 209531.13591524944}, "G": {"alpha": 3.0733595547989934, "beta": 1.167078985883798, "logLML": 74522.94735452131, "terms12": 70704.84053345596, "aRange": 3.0, "bRange": 0.02, "BICFactor": 18.801425533919698, "prior": 10.838953263796325, "logI": 4.105496743545649, "D": 145242.73233798463, "Dbits": 209540.96966917353}, "E": {"alpha": 4.606142929015611, "beta": 1.16402865757257, "logLML": 74511.01596060011, "terms12": 70704.84053345596, "aRange": 3.0, "bRange": 0.02, "BICFactor": 18.801425533919698, "prior": 10.838953263796325, "logI": 4.075864218358065, "D": 145230.77131153824, "Dbits": 209523.71355563536}}}, "USA": {"gdp": {"P": {"alpha": 0, "beta": 1, "logLML": 71068060.10573398, "terms12": 70471239.83433452, "aRange": 0, "bRange": 0, "BICFactor": 0, "prior": 1.3862943611198906, "logI": 0, "D": 141539301.32636285, "Dbits": 204198048.11443236}, "C": {"alpha": 0, "beta": 1.1210314431264368, "logLML": 70846201.94868006, "terms12": 70471239.83433452, "aRange": 0, "bRange": 0.025, "BICFactor": 16.528874615490224, "prior": 2.0794415416798357, "logI": 7.6844262838044335, "D": 141317451.5468824, "Dbits": 203877986.5377536}, "G": {"alpha": 0, "beta": 1.1210315232928507, "logLML": 70846201.94868018, "terms12": 70471239.83433452, "aRange": 1.5, "bRange": 0.003, "BICFactor": 33.05774923098045, "prior": 10.838953263796325, "logI": 8.78090218636765, "D": 141317461.40287015, "Dbits": 203878000.75693825}, "E": {"alpha": 1.653159153787639, "beta": 1.1210316400864295, "logLML": 70846201.93732426, "terms12": 70471239.83433452, "aRange": 3, "bRange": 0.003, "BICFactor": 33.05774923098045, "prior": 10.838953263796325, "logI": 6.768582560563683, "D": 141317459.37919462, "Dbits": 203877997.83739161}}, "roads": {"P": {"alpha": 0, "beta": 1, "logLML": 4428353.770649537, "terms12": 4346799.493054209, "aRange": 0, "bRange": 0, "BICFactor": 0, "prior": 1.3862943611198906, "logI": 0, "D": 8775154.649998108, "Dbits": 12659872.096585998}, "C": {"alpha": 0, "beta": 0.7918370897300113, "logLML": 4381997.202946814, "terms12": 4346799.493054209, "aRange": 0, "bRange": 0.01, "BICFactor": 13.661722812268456, "prior": 2.0794415416798357, "logI": 6.373972527978142, "D": 8728805.149415093, "Dbits": 12593003.901947202}, "G": {"alpha": 20.40867715345309, "beta": 0.7544952647397906, "logLML": 4380671.465467133, "terms12": 4346799.493054209, "aRange": 0.6, "bRange": 0.001, "BICFactor": 27.323445624536912, "prior": 10.838953263796325, "logI": 6.397499511608895, "D": 8727488.194974117, "Dbits": 12591103.93830613}, "E": {"alpha": 28.816189547180738, "beta": 0.7652680072680332, "logLML": 4380688.071332829, "terms12": 4346799.493054209, "aRange": 1.5, "bRange": 0.004, "BICFactor": 27.323445624536912, "prior": 10.838953263796325, "logI": 6.408045058977791, "D": 8727504.811385361, "Dbits": 12591127.91072023}}}}